{
  "rows": [
    {
      "k": 30,
      "omega_theta": NaN,
      "omega_words": NaN,
      "omega": NaN,
      "omega_se": NaN,
      "max_cosine": 0.2727136413398496,
      "mean_cosine": 0.023073698870590943
    }
  ]
}